"Time","Temperature","Dew Point","Humidity","Wind","Wind Speed","Wind Gust","Pressure","Precip.","Condition"
"12:53 AM","67 °F","52 °F","59 °%","E","3 °mph","0 °mph","29.65 °in","0.0 °in","Fair"
"1:53 AM","66 °F","51 °F","59 °%","E","5 °mph","0 °mph","29.65 °in","0.0 °in","Fair"
"2:53 AM","65 °F","50 °F","58 °%","E","5 °mph","0 °mph","29.65 °in","0.0 °in","Fair"
"3:53 AM","64 °F","50 °F","60 °%","E","3 °mph","0 °mph","29.64 °in","0.0 °in","Fair"
"4:53 AM","63 °F","50 °F","63 °%","CALM","0 °mph","0 °mph","29.63 °in","0.0 °in","Fair"
"5:53 AM","62 °F","49 °F","62 °%","ENE","3 °mph","0 °mph","29.63 °in","0.0 °in","Fair"
"6:53 AM","62 °F","48 °F","60 °%","CALM","0 °mph","0 °mph","29.63 °in","0.0 °in","Partly Cloudy"
"7:53 AM","64 °F","47 °F","54 °%","E","3 °mph","0 °mph","29.63 °in","0.0 °in","Mostly Cloudy"
"8:53 AM","67 °F","47 °F","49 °%","SE","3 °mph","0 °mph","29.64 °in","0.0 °in","Mostly Cloudy"
"9:53 AM","74 °F","50 °F","43 °%","SE","3 °mph","0 °mph","29.64 °in","0.0 °in","Mostly Cloudy"
"10:53 AM","77 °F","52 °F","42 °%","SSE","6 °mph","0 °mph","29.64 °in","0.0 °in","Mostly Cloudy"
"11:53 AM","80 °F","51 °F","36 °%","ESE","6 °mph","0 °mph","29.62 °in","0.0 °in","Mostly Cloudy"
"12:53 PM","82 °F","50 °F","33 °%","SSW","5 °mph","0 °mph","29.59 °in","0.0 °in","Mostly Cloudy"
"1:53 PM","85 °F","47 °F","27 °%","SSE","6 °mph","0 °mph","29.55 °in","0.0 °in","Mostly Cloudy"
"2:53 PM","88 °F","47 °F","24 °%","W","5 °mph","0 °mph","29.52 °in","0.0 °in","Mostly Cloudy"
"3:53 PM","90 °F","46 °F","22 °%","ENE","3 °mph","0 °mph","29.50 °in","0.0 °in","Partly Cloudy"
"4:53 PM","90 °F","44 °F","20 °%","CALM","0 °mph","0 °mph","29.48 °in","0.0 °in","Partly Cloudy"
"5:53 PM","88 °F","43 °F","21 °%","CALM","0 °mph","0 °mph","29.47 °in","0.0 °in","Partly Cloudy"
"6:53 PM","82 °F","50 °F","33 °%","E","3 °mph","0 °mph","29.48 °in","0.0 °in","Partly Cloudy"
"7:53 PM","80 °F","50 °F","35 °%","CALM","0 °mph","0 °mph","29.49 °in","0.0 °in","Partly Cloudy"
"8:53 PM","78 °F","51 °F","39 °%","VAR","3 °mph","0 °mph","29.49 °in","0.0 °in","Partly Cloudy"
"9:53 PM","72 °F","53 °F","51 °%","NW","5 °mph","0 °mph","29.50 °in","0.0 °in","Partly Cloudy"
"10:53 PM","70 °F","52 °F","53 °%","CALM","0 °mph","0 °mph","29.51 °in","0.0 °in","Partly Cloudy"
"11:53 PM","69 °F","50 °F","51 °%","CALM","0 °mph","0 °mph","29.51 °in","0.0 °in","Partly Cloudy"









